{
  "a": {
    "flags": "no expansion (baseline anchor)",
    "metrics": {
      "single-hop": {
        "N": 281,
        "MRR": 0.7181131348325912,
        "r@1": 0.5907473309608541,
        "r@3": 0.8149466192170819,
        "r@5": 0.8718861209964412,
        "r@10": 0.9501779359430605,
        "r@20": 0.9679715302491103,
        "r@50": 0.9822064056939501
      },
      "temporal": {
        "N": 320,
        "MRR": 0.7000514436042302,
        "r@1": 0.603125,
        "r@3": 0.76875,
        "r@5": 0.83125,
        "r@10": 0.89375,
        "r@20": 0.928125,
        "r@50": 0.94375
      },
      "multi-hop": {
        "N": 89,
        "MRR": 0.53238568410614,
        "r@1": 0.4157303370786517,
        "r@3": 0.5842696629213483,
        "r@5": 0.6853932584269663,
        "r@10": 0.7640449438202247,
        "r@20": 0.8314606741573034,
        "r@50": 0.8876404494382022
      },
      "open-domain": {
        "N": 841,
        "MRR": 0.7305115689775138,
        "r@1": 0.6266349583828775,
        "r@3": 0.8061831153388823,
        "r@5": 0.8585017835909632,
        "r@10": 0.9096313912009513,
        "r@20": 0.9405469678953626,
        "r@50": 0.9667063020214031
      },
      "adversarial": {
        "N": 446,
        "MRR": 0.6182084096032008,
        "r@1": 0.4798206278026906,
        "r@3": 0.7130044843049327,
        "r@5": 0.7847533632286996,
        "r@10": 0.8452914798206278,
        "r@20": 0.9170403587443946,
        "r@50": 0.9596412556053812
      },
      "OVERALL": {
        "N": 1531,
        "MRR": 0.7103519322252431,
        "r@1": 0.6028739386022207,
        "r@3": 0.7870672762900065,
        "r@5": 0.8451992161985631,
        "r@10": 0.9052906596995428,
        "r@20": 0.9366427171783148,
        "r@50": 0.9601567602873938
      }
    }
  },
  "b": {
    "flags": "--expand-all (all six)",
    "metrics": {
      "single-hop": {
        "N": 281,
        "MRR": 0.9094464316060672,
        "r@1": 0.8647686832740213,
        "r@3": 0.9466192170818505,
        "r@5": 0.9715302491103203,
        "r@10": 0.9822064056939501,
        "r@20": 0.9893238434163701,
        "r@50": 0.9928825622775801
      },
      "temporal": {
        "N": 320,
        "MRR": 0.8680302532264452,
        "r@1": 0.83125,
        "r@3": 0.8875,
        "r@5": 0.915625,
        "r@10": 0.94375,
        "r@20": 0.95625,
        "r@50": 0.978125
      },
      "multi-hop": {
        "N": 89,
        "MRR": 0.7579968798914901,
        "r@1": 0.6966292134831461,
        "r@3": 0.7752808988764045,
        "r@5": 0.8089887640449438,
        "r@10": 0.8876404494382022,
        "r@20": 0.9101123595505618,
        "r@50": 0.9662921348314607
      },
      "open-domain": {
        "N": 841,
        "MRR": 0.8903844245761423,
        "r@1": 0.8537455410225921,
        "r@3": 0.920332936979786,
        "r@5": 0.9369797859690844,
        "r@10": 0.9548156956004756,
        "r@20": 0.9726516052318668,
        "r@50": 0.9833531510107015
      },
      "adversarial": {
        "N": 446,
        "MRR": 0.8870917650813279,
        "r@1": 0.8497757847533632,
        "r@3": 0.9147982062780269,
        "r@5": 0.9417040358744395,
        "r@10": 0.9573991031390134,
        "r@20": 0.9708520179372198,
        "r@50": 0.984304932735426
      },
      "OVERALL": {
        "N": 1531,
        "MRR": 0.8815147953577045,
        "r@1": 0.8419333768778576,
        "r@3": 0.9098628347485304,
        "r@5": 0.9314173742651861,
        "r@10": 0.953625081645983,
        "r@20": 0.968647942521228,
        "r@50": 0.9830176355323318
      }
    }
  },
  "c": {
    "flags": "active-trio (session+keyword+entity_bridge)",
    "metrics": {
      "single-hop": {
        "N": 281,
        "MRR": 0.9094464316060672,
        "r@1": 0.8647686832740213,
        "r@3": 0.9466192170818505,
        "r@5": 0.9715302491103203,
        "r@10": 0.9822064056939501,
        "r@20": 0.9893238434163701,
        "r@50": 0.9928825622775801
      },
      "temporal": {
        "N": 320,
        "MRR": 0.8680292742164202,
        "r@1": 0.83125,
        "r@3": 0.8875,
        "r@5": 0.915625,
        "r@10": 0.94375,
        "r@20": 0.95625,
        "r@50": 0.978125
      },
      "multi-hop": {
        "N": 89,
        "MRR": 0.7579968798914901,
        "r@1": 0.6966292134831461,
        "r@3": 0.7752808988764045,
        "r@5": 0.8089887640449438,
        "r@10": 0.8876404494382022,
        "r@20": 0.9101123595505618,
        "r@50": 0.9662921348314607
      },
      "open-domain": {
        "N": 841,
        "MRR": 0.891190343455783,
        "r@1": 0.8549346016646849,
        "r@3": 0.920332936979786,
        "r@5": 0.9369797859690844,
        "r@10": 0.9548156956004756,
        "r@20": 0.9726516052318668,
        "r@50": 0.9833531510107015
      },
      "adversarial": {
        "N": 446,
        "MRR": 0.8870917650813279,
        "r@1": 0.8497757847533632,
        "r@3": 0.9147982062780269,
        "r@5": 0.9417040358744395,
        "r@10": 0.9573991031390134,
        "r@20": 0.9708520179372198,
        "r@50": 0.984304932735426
      },
      "OVERALL": {
        "N": 1531,
        "MRR": 0.8819572933946541,
        "r@1": 0.8425865447419987,
        "r@3": 0.9098628347485304,
        "r@5": 0.9314173742651861,
        "r@10": 0.953625081645983,
        "r@20": 0.968647942521228,
        "r@50": 0.9830176355323318
      }
    }
  },
  "d_drop_session": {
    "flags": "trio minus session",
    "metrics": {
      "single-hop": {
        "N": 281,
        "MRR": 0.9094464316060672,
        "r@1": 0.8647686832740213,
        "r@3": 0.9466192170818505,
        "r@5": 0.9715302491103203,
        "r@10": 0.9822064056939501,
        "r@20": 0.9893238434163701,
        "r@50": 0.9928825622775801
      },
      "temporal": {
        "N": 320,
        "MRR": 0.8680292742164202,
        "r@1": 0.83125,
        "r@3": 0.8875,
        "r@5": 0.915625,
        "r@10": 0.94375,
        "r@20": 0.95625,
        "r@50": 0.978125
      },
      "multi-hop": {
        "N": 89,
        "MRR": 0.7579968798914901,
        "r@1": 0.6966292134831461,
        "r@3": 0.7752808988764045,
        "r@5": 0.8089887640449438,
        "r@10": 0.8876404494382022,
        "r@20": 0.9101123595505618,
        "r@50": 0.9662921348314607
      },
      "open-domain": {
        "N": 841,
        "MRR": 0.8903986355716781,
        "r@1": 0.8537455410225921,
        "r@3": 0.920332936979786,
        "r@5": 0.9369797859690844,
        "r@10": 0.9548156956004756,
        "r@20": 0.9726516052318668,
        "r@50": 0.9833531510107015
      },
      "adversarial": {
        "N": 446,
        "MRR": 0.8870917650813279,
        "r@1": 0.8497757847533632,
        "r@3": 0.9147982062780269,
        "r@5": 0.9417040358744395,
        "r@10": 0.9573991031390134,
        "r@20": 0.9708520179372198,
        "r@50": 0.984304932735426
      },
      "OVERALL": {
        "N": 1531,
        "MRR": 0.8815223970324514,
        "r@1": 0.8419333768778576,
        "r@3": 0.9098628347485304,
        "r@5": 0.9314173742651861,
        "r@10": 0.953625081645983,
        "r@20": 0.968647942521228,
        "r@50": 0.9830176355323318
      }
    }
  },
  "e_drop_keyword": {
    "flags": "trio minus keyword",
    "metrics": {
      "single-hop": {
        "N": 281,
        "MRR": 0.9094449363460415,
        "r@1": 0.8647686832740213,
        "r@3": 0.9466192170818505,
        "r@5": 0.9715302491103203,
        "r@10": 0.9822064056939501,
        "r@20": 0.9893238434163701,
        "r@50": 0.9928825622775801
      },
      "temporal": {
        "N": 320,
        "MRR": 0.8680302532264452,
        "r@1": 0.83125,
        "r@3": 0.8875,
        "r@5": 0.915625,
        "r@10": 0.94375,
        "r@20": 0.95625,