{
  "config": "formula",
  "reranker_loaded": false,
  "scorer_note": "FORMULA scoring on BOTH sides (reranker_model.txt absent since 2026-04-07). This is a sleep-vs-formula delta, not sleep-vs-reranker.",
  "gt_file": "D:/somnigraph-exp/sleepfork-92fdacb-1782966620/A-frozen/tuning_studies/gt_calibrated.json",
  "n_queries_joined": 1032,
  "n_gt_queries": 1032,
  "queries_missing_from_baseline": 0,
  "queries_missing_from_slept": 0,
  "seed": 1729,
  "n_boot": 10000,
  "baseline": {
    "ndcg@5k": {
      "n": 1032,
      "mean": 0.6494337311845544
    },
    "r@10": {
      "n": 1021,
      "mean": 0.5403493071993046
    },
    "mrr": {
      "n": 1021,
      "mean": 0.9225736093267924
    }
  },
  "slept": {
    "ndcg@5k": {
      "n": 1032,
      "mean": 0.6491738147651952
    },
    "r@10": {
      "n": 1021,
      "mean": 0.5394057296635129
    },
    "mrr": {
      "n": 1021,
      "mean": 0.9257819908897283
    }
  },
  "paired_delta": {
    "ndcg@5k": {
      "n": 1032,
      "mean": -0.00025991641935923767,
      "ci_low": -0.001497239687593086,
      "ci_high": 0.001010734219142379,
      "frac_positive": 0.32073643410852715,
      "frac_negative": 0.3498062015503876,
      "frac_zero": 0.32945736434108525
    },
    "r@10": {
      "n": 1021,
      "mean": -0.0009435775357918755,
      "ci_low": -0.002583713591647043,
      "ci_high": 0.0006941295417051245,
      "frac_positive": 0.025465230166503428,
      "frac_negative": 0.04113614103819784,
      "frac_zero": 0.9333986287952988
    },
    "mrr": {
      "n": 1021,
      "mean": 0.003208381562935922,
      "ci_low": -0.0018362476026530872,
      "ci_high": 0.008308904951289869,
      "frac_positive": 0.019588638589618023,
      "frac_negative": 0.014691478942213516,
      "frac_zero": 0.9657198824681684
    }
  },
  "sleep_attribution": {
    "frozen_A": {
      "memories_by_status": {
        "active": 1165,
        "deleted": 9,
        "dormant": 16,
        "superseded": 5
      },
      "memories_total": 1195,
      "memories_source_sleep": 32,
      "edges_total": 14948,
      "edges_by_type": {
        "": 9886,
        "supports": 3125,
        "derived_from": 1345,
        "evolved_from": 293,
        "related": 175,
        "contextual": 81,
        "soft_contradiction": 41,
        "hard_contradiction": 2
      },
      "edges_by_creator": {
        "sleep": 8577,
        "co_retrieval": 4178,
        "recall_feedback": 1152,
        "sleep_rem": 753,
        "journal-import": 247,
        "session": 41
      },
      "sleep_log_rows": 205
    },
    "slept_B": {
      "memories_by_status": {
        "active": 1165,
        "deleted": 9,
        "dormant": 16,
        "superseded": 5
      },
      "memories_total": 1195,
      "memories_source_sleep": 32,
      "edges_total": 15056,
      "edges_by_type": {
        "": 9977,
        "supports": 3134,
        "derived_from": 1351,
        "evolved_from": 294,
        "related": 175,
        "contextual": 81,
        "soft_contradiction": 41,
        "hard_contradiction": 3
      },
      "edges_by_creator": {
        "sleep": 8623,
        "co_retrieval": 4178,
        "recall_feedback": 1152,
        "sleep_rem": 815,
        "journal-import": 247,
        "session": 41
      },
      "sleep_log_rows": 207
    },
    "diff_B_minus_A": {
      "active_delta": 0,
      "dormant_delta": 0,
      "superseded_delta": 0,
      "deleted_delta": 0,
      "total_delta": 0,
      "source_sleep_delta": 0,
      "edges_total_delta": 108,
      "sleep_log_rows_delta": 2
    }
  }
}